Product,Line_Frequency
WHITE HANGING HEART T-LIGHT HOLDER,3456
REGENCY CAKESTAND 3 TIER,2046
STRAWBERRY CERAMIC TRINKET BOX,1714
PACK OF 72 RETRO SPOT CAKE CASES,1456
ASSORTED COLOUR BIRD ORNAMENT,1450
60 TEATIME FAIRY CAKE CASES,1394
HOME BUILDING BLOCK WORD,1376
JUMBO BAG RED RETROSPOT,1280
LUNCH BAG RED SPOTTY,1246
REX CASH+CARRY JUMBO SHOPPER,1226
JUMBO STORAGE BAG SUKI,1203
PACK OF 60 PINK PAISLEY CAKE CASES,1191
WOODEN FRAME ANTIQUE WHITE,1169
LUNCH BAG BLACK SKULL.,1156
LUNCH BAG SUKI DESIGN,1146
HEART OF WICKER LARGE,1145
LOVE BUILDING BLOCK WORD,1129
RED HANGING HEART T-LIGHT HOLDER,1106
JUMBO SHOPPER VINTAGE RED PAISLEY,1085
JUMBO BAG STRAWBERRY,1078
